{"y":{"peakUpperLimit":0.5680987192422285,"peakLowerLimit":0.42552278571145596,"troughUpperLimit":0.3235310610766044,"troughLowerLimit":0.2324753290473089,"peakUpMagUpperLimit":0.15850087053904988,"peakUpMagLowerLimit":0.02780412535779221,"peakDownMagUpperLimit":0.17679059097901134,"peakDownMagLowerLimit":0.04080038353046221,"troughUpMagUpperLimit":0.18907413939413964,"troughUpMagLowerLimit":0.043780289110208245,"troughDownMagUpperLimit":0.13720064244993357,"troughDownMagLowerLimit":0.014410685667457727},"z":{"peakUpperLimit":0.20996980398608142,"peakLowerLimit":-0.015535706850205167,"troughUpperLimit":-0.05844576005375539,"troughLowerLimit":-0.1611911181366527,"peakUpMagUpperLimit":0.18841214993012223,"peakUpMagLowerLimit":0.00005686183090870822,"peakDownMagUpperLimit":0.1603667912170976,"peakDownMagLowerLimit":0.021424848601252794,"troughUpMagUpperLimit":0.15667062176894492,"troughUpMagLowerLimit":0.033868679891463235,"troughDownMagUpperLimit":0.17593644268320952,"troughDownMagLowerLimit":0.00020852702352508468}}