{"y":{"timeBetweenPeaksUpperLimit":1246.9995415094063,"timeBetweenPeaksLowerLimit":972.1699500160175,"timeBetweenTroughsUpperLimit":1244.2720756254448,"timeBetweenTroughsLowerLimit":971.9482633576058,"peakUpperLimit":0.5365739178795279,"peakLowerLimit":0.43915152855744716,"troughUpperLimit":0.25305785579212653,"troughLowerLimit":0.1959516308196382,"peakUpMagUpperLimit":2.1086612421548945,"peakUpMagLowerLimit":1.334684227525816,"peakDownMagUpperLimit":2.2563814602488677,"peakDownMagLowerLimit":1.372449429297208,"troughUpMagUpperLimit":2.3045616908900963,"troughUpMagLowerLimit":1.5399185469450203,"troughDownMagUpperLimit":2.218426785998709,"troughDownMagLowerLimit":1.4087921648674715},"z":{"timeBetweenPeaksUpperLimit":1362.171856337719,"timeBetweenPeaksLowerLimit":835.4247823177434,"timeBetweenTroughsUpperLimit":1464.7674251410133,"timeBetweenTroughsLowerLimit":811.1630096415954,"peakUpperLimit":0.22621503481969524,"peakLowerLimit":0.10058346778630477,"troughUpperLimit":0.0008248505727498773,"troughLowerLimit":-0.08561320590343952,"peakUpMagUpperLimit":72.34374325376666,"peakUpMagLowerLimit":-59.4126669515407,"peakDownMagUpperLimit":115.39281528106262,"peakDownMagLowerLimit":-131.85590333869962,"troughUpMagUpperLimit":37.909318877114465,"troughUpMagLowerLimit":-35.77445260432712,"troughDownMagUpperLimit":35.91876465735619,"troughDownMagLowerLimit":-38.81702538193005}}